{"pH":{"0":6.2956254053,"1":3.7160800754,"2":9.7947178485,"3":5.376078292},"Solids":{"0":20791.318980747,"1":18630.0578579703,"2":12490.5582760584,"3":36026.4015563512},"Conductivity":{"0":564.3086541722,"1":592.8853591349,"2":576.0460834739,"3":347.5650664631},"Turbidity":{"0":2.9631353806,"1":4.5006562749,"2":2.8071297746,"3":3.6292503215},"Predicted_Potability":{"0":0.0,"1":0.0,"2":0.0,"3":0.0},"Circuito":{"0":1,"1":2,"2":3,"3":4}}