pH,Hardness,Solids,Chloramines,Sulfate,Conductivity,Organic_carbon,Trihalomethanes,Turbidity,Potabilidade_Prevista
3.71608007538699,204.8904554713363,20791.318980747023,7.300211873184757,368.51644134980336,564.3086541722439,10.3797830780847,86.9909704615088,2.9631353806316407,0.0
3.71608007538699,129.42292051494425,18630.057857970347,6.635245883862,368.51644134980336,592.8853591348523,15.18001311635726,56.32907628451764,4.500656274942408,0.0
